Processes,ExecutionTime
2,0.005284
4,0.052355
6,0.029392
12,0.047016
