ArraySize,ExecutionTime
10000,0.00270012
50000,0.00946712
100000,0.0136398
500000,0.0527567
1000000,0.105145
5000000,0.544163
10000000,1.14692
