Processes,ExecutionTime
2,0.001505
5,0.000622
10,0.000838
