MatrixSize,Threads,ExecutionTime
500,3,0.08441
500,4,0.0579722
1000,3,0.445064
1000,4,0.359371
3000,3,10.9736
3000,4,8.28297
