GridSize,ExecutionTime
10,8e-06
100,0.036563
1000,7.24041
2000,
3000,
