ArraySize,ExecutionTime
10000,0.000669708
50000,0.00388225
100000,0.00607004
500000,0.026586
1000000,0.0468939
5000000,0.252647
10000000,0.532361
