ArraySize,Processes,ExecutionTime
10000,2,0.000615
10000,4,0.000815
10000,8,0.000761
50000,2,0.002098
50000,4,0.011766
50000,8,0.003259
100000,2,0.004615
100000,4,0.013269
100000,8,0.014523
500000,2,0.014049
500000,4,0.01966
500000,8,0.02136
1000000,2,0.025729
1000000,4,0.025858
1000000,8,0.022107
5000000,2,0.13526
5000000,4,0.093512
5000000,8,0.077276
10000000,2,0.271407
10000000,4,0.185123
10000000,8,0.156615
