Processes,ExecutionTime
2,0.000733
4,0.045039
6,0.044383
12,0.046558
